date,home_team,away_team,market,prob,fair_odds,book_odds,ev,kelly,stake,pnl,bankroll_after,won
2022-09-16,Aston Villa,Southampton,draw,0.4124,2.425,3.5,0.4436,0.04436,44.36,-44.36,955.64,False
2022-09-16,Nott'm Forest,Fulham,away,0.7355,1.36,2.62,0.927,0.05,47.782,77.4068,1033.0468,True
2022-09-17,Wolves,Man City,draw,0.4317,2.317,5.0,1.1584,0.05,51.6523,-51.6523,981.3945,False
2022-09-17,Newcastle,Bournemouth,home,0.8265,1.21,1.44,0.1901,0.05,49.0697,-49.0697,932.3248,False
2022-09-17,Tottenham,Leicester,home,0.835,1.198,1.45,0.2107,0.05,46.6162,20.9773,953.3021,True
2022-09-18,Brentford,Arsenal,home,0.6391,1.565,4.2,1.6841,0.05,47.6651,-47.6651,905.637,False
2022-09-18,Everton,West Ham,draw,0.58,1.724,3.25,0.8849,0.05,45.2818,-45.2818,860.3551,False
2022-10-01,West Ham,Wolves,draw,0.6404,1.562,3.5,1.2414,0.05,43.0178,-43.0178,817.3374,False
2022-10-01,Southampton,Everton,draw,0.5068,1.973,3.4,0.7232,0.05,40.8669,-40.8669,776.4705,False
2022-10-01,Liverpool,Brighton,draw,0.2608,3.835,5.25,0.3689,0.0217,16.8494,71.61,848.0805,True
2022-10-01,Fulham,Newcastle,home,0.4783,2.091,3.0,0.4349,0.05,42.404,-42.404,805.6765,False
2022-10-01,Fulham,Newcastle,draw,0.3594,2.783,3.4,0.2219,0.02312,18.6272,-18.6272,787.0492,False
2022-10-01,Crystal Palace,Chelsea,home,0.6387,1.566,4.2,1.6825,0.05,39.3525,-39.3525,747.6968,False
2022-10-01,Bournemouth,Brentford,away,0.6236,1.604,2.2,0.3718,0.05,37.3848,-37.3848,710.3119,False
2022-10-01,Arsenal,Tottenham,home,0.6038,1.656,2.05,0.2378,0.05,35.5156,37.2914,747.6033,True
2022-10-02,Man City,Man United,draw,0.2566,3.897,5.75,0.4755,0.02502,18.705,-18.705,728.8983,False
2022-10-02,Leeds,Aston Villa,home,0.5518,1.812,2.35,0.2967,0.05,36.4449,-36.4449,692.4534,False
2022-10-02,Leeds,Aston Villa,draw,0.3077,3.25,3.4,0.0463,0.00482,3.3376,8.0103,700.4637,True
2022-10-03,Leicester,Nott'm Forest,draw,0.2964,3.374,4.0,0.1857,0.01547,10.8362,-10.8362,689.6275,False
2022-10-08,Bournemouth,Leicester,home,0.3683,2.715,3.6,0.3258,0.03133,21.606,56.1757,745.8032,True
2022-10-08,Bournemouth,Leicester,draw,0.3158,3.167,3.4,0.0736,0.00767,5.7203,-5.7203,740.0829,False
2022-10-08,Chelsea,Wolves,draw,0.3701,2.702,4.5,0.6653,0.04752,35.1687,-35.1687,704.9141,False
2022-10-08,Newcastle,Brentford,home,0.5713,1.75,1.83,0.0455,0.0137,9.6573,8.0156,712.9297,True
2022-10-08,Newcastle,Brentford,draw,0.2986,3.349,3.8,0.1348,0.01204,8.5837,-8.5837,704.346,False
2022-10-08,Brighton,Tottenham,home,0.6544,1.528,2.8,0.8324,0.05,35.2173,-35.2173,669.1287,False
2022-10-09,Arsenal,Liverpool,home,0.6141,1.628,2.5,0.5352,0.05,33.4564,50.1847,719.3134,True
2022-10-09,Everton,Man United,home,0.2946,3.394,3.6,0.0606,0.00583,4.1936,-4.1936,715.1198,False
2022-10-09,Everton,Man United,draw,0.4147,2.412,3.5,0.4513,0.04513,32.2734,-32.2734,682.8464,False
2022-10-09,West Ham,Fulham,draw,0.3725,2.685,3.8,0.4155,0.0371,25.3336,-25.3336,657.5128,False
2022-10-09,West Ham,Fulham,away,0.352,2.841,4.75,0.6721,0.04481,29.4631,-29.4631,628.0497,False
2022-10-09,Crystal Palace,Leeds,home,0.5801,1.724,2.05,0.1893,0.04507,28.3062,29.7215,657.7712,True
2022-10-10,Nott'm Forest,Aston Villa,draw,0.4148,2.411,3.4,0.4103,0.04274,28.1131,67.4715,725.2427,True
2022-10-15,Leicester,Crystal Palace,away,0.395,2.531,3.1,0.2246,0.02674,19.393,-19.393,705.8497,False
2022-10-15,Fulham,Bournemouth,home,0.7102,1.408,1.85,0.3139,0.05,35.2925,-35.2925,670.5572,False
2022-10-15,Wolves,Nott'm Forest,draw,0.5117,1.954,3.75,0.9189,0.05,33.5279,-33.5279,637.0294,False
2022-10-15,Wolves,Nott'm Forest,away,0.2119,4.72,5.0,0.0593,0.00371,2.3634,-2.3634,634.666,False
2022-10-15,Tottenham,Everton,draw,0.2657,3.763,4.5,0.1958,0.01398,8.8726,-8.8726,625.7934,False
2022-10-16,Southampton,West Ham,draw,0.4503,2.221,3.4,0.5309,0.05,31.2897,75.0952,700.8886,True
2022-10-16,Man United,Newcastle,draw,0.342,2.924,3.8,0.2997,0.02676,18.7558,52.5162,753.4047,True
2022-10-16,Aston Villa,Chelsea,home,0.2762,3.621,4.33,0.1959,0.01471,11.0826,-11.0826,742.3222,False
2022-10-16,Aston Villa,Chelsea,draw,0.3908,2.559,3.75,0.4657,0.04233,31.4225,-31.4225,710.8997,False
2022-10-16,Liverpool,Man City,home,0.5727,1.746,3.6,1.0618,0.05,35.545,92.417,803.3166,True
2022-10-18,Brighton,Nott'm Forest,home,0.889,1.125,1.4,0.2446,0.05,40.1658,-40.1658,763.1508,False
2022-10-18,Crystal Palace,Wolves,home,0.5932,1.686,2.25,0.3347,0.05,38.1575,47.6969,810.8477,True
2022-10-18,Crystal Palace,Wolves,draw,0.3549,2.818,3.1,0.1001,0.01191,9.6572,-9.6572,801.1905,False
2022-10-19,Bournemouth,Southampton,home,0.5171,1.934,2.62,0.3549,0.05,40.0595,-40.0595,761.131,False
2022-10-19,Bournemouth,Southampton,draw,0.3202,3.123,3.3,0.0566,0.00615,4.681,-4.681,756.45,False
2022-10-19,Brentford,Chelsea,home,0.4618,2.165,4.75,1.1937,0.05,37.8225,-37.8225,718.6275,False
2022-10-19,Liverpool,West Ham,home,0.8122,1.231,1.4,0.1371,0.05,35.9314,14.3726,733.0001,True
2022-10-19,Newcastle,Everton,home,0.6791,1.473,1.6,0.0866,0.03607,26.4393,15.8636,748.8637,True
2022-10-20,Fulham,Aston Villa,home,0.6268,1.595,2.9,0.8178,0.05,37.4432,71.142,820.0057,True
2022-10-20,Leicester,Leeds,home,0.5099,1.961,2.25,0.1473,0.02946,24.1574,30.1967,850.2024,True
2022-10-22,Chelsea,Man United,draw,0.3001,3.333,3.5,0.0502,0.00502,4.268,10.67,860.8725,True
2022-10-22,Everton,Crystal Palace,draw,0.4013,2.492,3.2,0.2842,0.03229,27.7976,-27.7976,833.0749,False
2022-10-23,Wolves,Leicester,draw,0.3577,2.796,3.25,0.1625,0.01806,15.0453,-15.0453,818.0296,False
2022-10-23,Wolves,Leicester,away,0.3419,2.925,3.25,0.1113,0.01236,10.1108,22.7494,840.779,True
2022-10-23,Aston Villa,Brentford,draw,0.3291,3.039,3.5,0.1518,0.01518,12.763,-12.763,828.0159,False
2022-10-23,Aston Villa,Brentford,away,0.4462,2.241,3.5,0.5617,0.05,41.4008,-41.4008,786.6152,False
2022-10-23,Southampton,Arsenal,draw,0.2739,3.65,4.0,0.0958,0.00798,6.2772,18.8316,805.4467,True
2022-10-23,Tottenham,Newcastle,draw,0.3255,3.072,3.5,0.1393,0.01393,11.2199,-11.2199,794.2268,False
2022-10-24,West Ham,Bournemouth,draw,0.314,3.184,4.0,0.2562,0.02135,16.9567,-16.9567,777.2701,False
2022-10-29,Fulham,Everton,home,0.496,2.016,2.37,0.1756,0.03204,24.9037,-24.9037,752.3664,False
2022-10-29,Newcastle,Aston Villa,home,0.7686,1.301,1.8,0.3834,0.05,37.6183,30.0947,782.461,True
2022-10-29,Crystal Palace,Southampton,draw,0.3246,3.081,3.6,0.1684,0.01619,12.668,-12.668,769.793,False
2022-10-29,Liverpool,Leeds,home,0.8879,1.126,1.3,0.1543,0.05,38.4896,-38.4896,731.3033,False
2022-10-29,Brighton,Chelsea,home,0.4137,2.417,3.0,0.2412,0.03014,22.0415,44.083,775.3863,True
2022-10-29,Brighton,Chelsea,draw,0.3503,2.855,3.3,0.156,0.01696,13.1506,-13.1506,762.2357,False
2022-10-29,Brentford,Wolves,home,0.7856,1.273,2.2,0.7284,0.05,38.1118,-38.1118,724.124,False
2022-10-30,Man United,West Ham,home,0.6376,1.568,1.66,0.0584,0.02211,16.0104,10.5669,734.6908,True
2022-10-30,Man United,West Ham,draw,0.2645,3.781,4.0,0.0579,0.00483,3.5486,-3.5486,731.1423,False
2022-11-05,Leeds,Bournemouth,home,0.669,1.495,1.72,0.1506,0.05,36.5571,26.3211,757.4634,True
2022-11-05,Everton,Leicester,home,0.5362,1.865,2.4,0.287,0.05,37.8732,-37.8732,719.5902,False
2022-11-05,Wolves,Brighton,draw,0.3313,3.018,3.3,0.0933,0.01014,7.2966,-7.2966,712.2936,False
2022-11-05,Wolves,Brighton,away,0.5463,1.83,2.25,0.2292,0.04585,32.6587,40.8233,753.1169,True
2022-11-05,Nott'm Forest,Brentford,draw,0.3161,3.164,3.3,0.0431,0.00468,3.5246,8.1066,761.2234,True
2022-11-05,Nott'm Forest,Brentford,away,0.4208,2.376,2.6,0.0942,0.01471,11.1976,-11.1976,750.0258,False
2022-11-06,West Ham,Crystal Palace,draw,0.3859,2.592,3.4,0.312,0.0325,24.3758,-24.3758,725.65,False
2022-11-06,Chelsea,Arsenal,away,0.4627,2.161,2.7,0.2492,0.03664,26.5878,45.1993,770.8493,True
2022-11-06,Aston Villa,Man United,draw,0.302,3.312,3.8,0.1475,0.01317,10.1521,-10.1521,760.6972,False
2022-11-06,Southampton,Newcastle,draw,0.3055,3.273,3.6,0.0998,0.0096,7.3027,-7.3027,753.3945,False
2022-11-06,Southampton,Newcastle,away,0.5663,1.766,1.9,0.0761,0.02113,15.9192,14.3273,767.7218,True
2022-11-06,Tottenham,Liverpool,home,0.5792,1.727,3.3,0.9113,0.05,38.3861,-38.3861,729.3357,False
2022-11-12,West Ham,Leicester,draw,0.3254,3.073,3.4,0.1063,0.01107,8.0737,-8.0737,721.262,False
2022-11-12,Wolves,Arsenal,away,0.7535,1.327,1.55,0.168,0.05,36.0631,19.8347,741.0967,True
2022-11-12,Newcastle,Chelsea,home,0.7465,1.34,2.35,0.7543,0.05,37.0548,50.024,791.1207,True
2022-11-12,Tottenham,Leeds,home,0.7602,1.315,1.65,0.2543,0.05,39.556,25.7114,816.8321,True
2022-11-12,Bournemouth,Everton,draw,0.353,2.832,3.25,0.1474,0.01638,13.3797,-13.3797,803.4524,False
2022-11-12,Nott'm Forest,Crystal Palace,away,0.4511,2.217,2.45,0.1052,0.01814,14.5746,-14.5746,788.8778,False
2022-11-13,Brighton,Aston Villa,home,0.687,1.456,1.83,0.2571,0.05,39.4439,-39.4439,749.4339,False
2022-11-13,Fulham,Man United,home,0.4589,2.179,3.8,0.7439,0.05,37.4717,-37.4717,711.9622,False
2022-12-26,Arsenal,West Ham,home,0.806,1.241,1.5,0.209,0.05,35.5981,17.7991,729.7613,True
2022-12-26,Leicester,Newcastle,away,0.5434,1.84,2.2,0.1956,0.04074,29.7305,35.6766,765.4378,True
2022-12-26,Brentford,Tottenham,home,0.3821,2.617,4.0,0.5284,0.04403,33.7022,-33.7022,731.7356,False
2022-12-26,Southampton,Brighton,away,0.4926,2.03,2.15,0.0592,0.01286,9.4101,10.8216,742.5572,True
2022-12-26,Aston Villa,Liverpool,home,0.2866,3.489,4.75,0.3615,0.0241,17.8956,-17.8956,724.6616,False
2022-12-26,Aston Villa,Liverpool,draw,0.2782,3.594,4.0,0.1129,0.00941,6.8191,-6.8191,717.8425,False
2022-12-26,Everton,Wolves,home,0.4843,2.065,2.3,0.1139,0.0219,15.7208,-15.7208,702.1218,False
2022-12-26,Everton,Wolves,draw,0.3823,2.616,3.25,0.2424,0.02693,18.9081,-18.9081,683.2137,False
2022-12-27,Chelsea,Bournemouth,draw,0.2178,4.592,5.5,0.1976,0.01098,7.5017,-7.5017,675.712,False
2022-12-28,Leeds,Man City,draw,0.1795,5.571,6.0,0.0769,0.00385,2.6015,-2.6015,673.1105,False
2022-12-30,West Ham,Brentford,draw,0.3101,3.225,3.6,0.1163,0.01119,7.5321,-7.5321,665.5784,False
2022-12-30,West Ham,Brentford,away,0.3572,2.8,3.6,0.2857,0.02748,18.2901,47.5542,713.1326,True
2022-12-31,Fulham,Southampton,home,0.7561,1.323,1.95,0.4744,0.05,35.6566,33.8738,747.0064,True
2022-12-31,Bournemouth,Crystal Palace,home,0.4483,2.231,2.8,0.2553,0.03546,26.4888,-26.4888,720.5176,False
2022-12-31,Wolves,Man United,away,0.6111,1.636,1.91,0.1671,0.04592,33.0862,30.1084,750.626,True
2022-12-31,Brighton,Arsenal,away,0.5264,1.9,2.1,0.1054,0.02396,17.985,19.7835,770.4095,True
2022-12-31,Newcastle,Leeds,home,0.8674,1.153,1.45,0.2577,0.05,38.5205,-38.5205,731.889,False
2023-01-01,Nott'm Forest,Chelsea,draw,0.3029,3.301,3.8,0.151,0.01348,9.8659,27.6244,759.5134,True
2023-01-01,Tottenham,Aston Villa,home,0.6777,1.476,1.67,0.1317,0.04913,37.3149,-37.3149,722.1985,False
2023-01-02,Brentford,Liverpool,home,0.2859,3.498,5.5,0.5724,0.0318,22.9659,103.3466,825.5451,True
2023-01-02,Brentford,Liverpool,draw,0.2481,4.03,4.33,0.0744,0.00558,4.6065,-4.6065,820.9386,False
2023-01-03,Arsenal,Newcastle,draw,0.3258,3.069,3.8,0.2381,0.02126,17.4532,48.8688,869.8074,True
2023-01-03,Arsenal,Newcastle,away,0.3116,3.209,4.33,0.3494,0.02623,22.815,-22.815,846.9924,False
2023-01-03,Everton,Brighton,draw,0.3044,3.285,3.5,0.0655,0.00655,5.5478,-5.5478,841.4446,False
2023-01-03,Leicester,Fulham,away,0.3553,2.815,3.1,0.1014,0.01208,10.1647,21.3458,862.7903,True
2023-01-04,Southampton,Nott'm Forest,draw,0.3111,3.215,3.5,0.0888,0.00888,7.6616,-7.6616,855.1288,False
2023-01-04,Leeds,West Ham,home,0.5521,1.811,2.6,0.4354,0.05,42.7564,-42.7564,812.3723,False
2023-01-04,Aston Villa,Wolves,home,0.6178,1.619,1.95,0.2047,0.05,40.6186,-40.6186,771.7537,False
2023-01-05,Chelsea,Man City,home,0.2169,4.61,5.0,0.0846,0.00529,4.0826,-4.0826,767.6711,False
2023-01-05,Chelsea,Man City,draw,0.2683,3.727,4.0,0.0733,0.00611,4.6905,-4.6905,762.9807,False
2023-01-12,Fulham,Chelsea,home,0.4401,2.272,3.3,0.4523,0.04916,37.5081,86.2687,849.2494,True
2023-01-12,Fulham,Chelsea,draw,0.2995,3.339,3.5,0.0483,0.00483,4.1019,-4.1019,845.1475,False
2023-01-13,Aston Villa,Leeds,away,0.2871,3.484,4.0,0.1482,0.01235,10.4376,-10.4376,834.7099,False
2023-01-14,Wolves,West Ham,draw,0.3811,2.624,3.3,0.2578,0.02802,23.3886,-23.3886,811.3213,False
2023-01-14,Brentford,Bournemouth,home,0.7851,1.274,1.65,0.2954,0.05,40.5661,26.3679,837.6893,True
2023-01-14,Man United,Man City,home,0.3135,3.189,4.2,0.3169,0.02475,20.7328,66.345,904.0343,True
2023-01-14,Brighton,Liverpool,home,0.4463,2.241,3.4,0.5173,0.05,45.2017,108.4841,1012.5184,True
2023-01-14,Everton,Southampton,draw,0.3306,3.025,3.25,0.0744,0.00827,8.3735,-8.3735,1004.1449,False
2023-01-14,Nott'm Forest,Leicester,away,0.4837,2.068,2.63,0.272,0.04172,41.8929,-41.8929,962.2519,False
2023-01-15,Tottenham,Arsenal,away,0.5683,1.76,2.2,0.2503,0.05,48.1126,57.7351,1019.9871,True
2023-01-15,Chelsea,Crystal Palace,draw,0.2785,3.59,4.0,0.1141,0.00951,9.7001,-9.7001,1010.287,False
2023-01-15,Newcastle,Fulham,home,0.7111,1.406,1.5,0.0666,0.0333,33.6426,16.8213,1027.1083,True
2023-01-18,Crystal Palace,Man United,away,0.6357,1.573,1.8,0.1443,0.04511,46.3329,-46.3329,980.7754,False
2023-01-21,West Ham,Everton,draw,0.3566,2.804,3.75,0.3372,0.03066,30.0706,-30.0706,950.7048,False
2023-01-21,West Ham,Everton,away,0.2434,4.108,4.75,0.1562,0.01042,9.9063,-9.9063,940.7985,False
2023-01-21,Crystal Palace,Newcastle,away,0.6972,1.434,1.85,0.2898,0.05,47.0399,-47.0399,893.7586,False
2023-01-21,Southampton,Aston Villa,away,0.4594,2.177,2.55,0.1714,0.02765,24.7124,38.3043,932.0628,True
2023-01-21,Leicester,Brighton,away,0.5604,1.784,2.05,0.1489,0.03545,33.0416,-33.0416,899.0212,False
2023-01-22,Leeds,Brentford,away,0.4174,2.396,2.88,0.2022,0.02688,24.1657,-24.1657,874.8555,False
2023-01-22,Arsenal,Man United,home,0.6602,1.515,1.8,0.1884,0.05,43.7428,34.9942,909.8497,True
2023-01-23,Fulham,Tottenham,home,0.4767,2.098,3.3,0.573,0.05,45.4925,-45.4925,864.3572,False
2023-02-03,Chelsea,Fulham,draw,0.3317,3.015,4.0,0.3267,0.02723,23.5364,70.6093,934.9666,True
2023-02-03,Chelsea,Fulham,away,0.2842,3.518,5.25,0.4923,0.02896,27.0766,-27.0766,907.8899,False
2023-02-04,Newcastle,West Ham,home,0.7513,1.331,1.6,0.2021,0.05,45.3945,-45.3945,862.4954,False
2023-02-04,Wolves,Liverpool,draw,0.2909,3.437,3.8,0.1056,0.00943,8.1333,-8.1333,854.3621,False
2023-02-04,Brighton,Bournemouth,home,0.8816,1.134,1.33,0.1726,0.05,42.7181,14.097,868.4591,True
2023-02-04,Everton,Arsenal,away,0.8202,1.219,1.4,0.1483,0.05,43.423,-43.423,825.0361,False
2023-02-04,Brentford,Southampton,home,0.7363,1.358,1.85,0.3622,0.05,41.2518,35.064,860.1002,True
2023-02-05,Nott'm Forest,Leeds,away,0.4005,2.497,2.7,0.0814,0.01197,10.2954,-10.2954,849.8048,False
2023-02-05,Tottenham,Man City,home,0.3107,3.218,4.33,0.3455,0.02594,22.0439,73.4063,923.2111,True
2023-02-08,Man United,Leeds,home,0.7292,1.371,1.45,0.0573,0.03186,29.4135,-29.4135,893.7976,False
2023-02-11,Crystal Palace,Brighton,away,0.5403,1.851,2.0,0.0807,0.02017,18.0279,-18.0279,875.7697,False
2023-02-11,West Ham,Chelsea,draw,0.3721,2.687,3.3,0.228,0.02479,21.7103,49.9338,925.7034,True
2023-02-11,Bournemouth,Newcastle,away,0.7313,1.367,1.53,0.1189,0.05,46.2852,-46.2852,879.4183,False
2023-02-11,Fulham,Nott'm Forest,home,0.6395,1.564,1.91,0.2214,0.05,43.9709,40.0135,919.4318,True
2023-02-11,Leicester,Tottenham,home,0.3258,3.07,3.4,0.1076,0.01121,10.3068,24.7364,944.1682,True
2023-02-11,Southampton,Wolves,draw,0.3281,3.048,3.2,0.0498,0.00566,5.344,-5.344,938.8242,False
2023-02-12,Leeds,Man United,home,0.2973,3.363,3.75,0.115,0.01046,9.8201,-9.8201,929.0041,False
2023-02-15,Arsenal,Man City,home,0.522,1.916,2.9,0.5138,0.05,46.4502,-46.4502,882.5539,False
2023-02-18,Brighton,Fulham,away,0.258,3.875,5.5,0.4193,0.02329,20.5547,92.4961,975.0499,True
2023-02-18,Brentford,Crystal Palace,home,0.6553,1.526,1.83,0.1992,0.05,48.7525,-48.7525,926.2975,False
2023-02-18,Chelsea,Southampton,draw,0.2454,4.076,4.75,0.1655,0.01103,10.2171,-10.2171,916.0804,False
2023-02-18,Everton,Leeds,away,0.3949,2.532,3.0,0.1847,0.02309,21.1523,-21.1523,894.9281,False
2023-02-18,Wolves,Bournemouth,away,0.1974,5.067,6.0,0.1842,0.00921,8.2423,41.2114,936.1395,True
2023-02-18,Newcastle,Liverpool,home,0.6734,1.485,2.5,0.6836,0.05,46.807,-46.807,889.3326,False
2023-02-19,Tottenham,West Ham,home,0.6254,1.599,1.75,0.0945,0.0315,28.014,21.0105,910.343,True
2023-02-24,Fulham,Wolves,home,0.637,1.57,2.5,0.5925,0.05,45.5172,-45.5172,864.8259,False
2023-02-25,Leeds,Southampton,home,0.5767,1.734,1.95,0.1245,0.03276,28.3317,26.9151,891.741,True
2023-02-25,Leicester,Arsenal,home,0.2351,4.253,4.75,0.1167,0.00778,6.9377,-6.9377,884.8033,False
2023-02-25,Everton,Aston Villa,away,0.4104,2.437,3.0,0.2311,0.02888,25.5531,51.1062,935.9095,True
2023-02-25,Crystal Palace,Liverpool,home,0.2716,3.682,4.75,0.29,0.01933,18.0911,-18.0911,917.8184,False
2023-02-25,West Ham,Nott'm Forest,draw,0.3203,3.122,3.6,0.1531,0.01472,13.5103,-13.5103,904.3081,False
2023-02-25,West Ham,Nott'm Forest,away,0.248,4.032,5.0,0.2401,0.015,13.5646,-13.5646,890.7435,False
2023-02-26,Tottenham,Chelsea,home,0.5288,1.891,2.55,0.3485,0.05,44.5372,69.0326,959.7761,True
2023-03-01,Arsenal,Everton,home,0.8409,1.189,1.36,0.1436,0.05,47.9888,17.276,977.052,True
2023-03-01,Liverpool,Wolves,draw,0.2307,4.335,4.75,0.0958,0.00638,6.2336,-6.2336,970.8184,False
2023-03-04,Wolves,Tottenham,away,0.5226,1.914,2.2,0.1497,0.03118,30.2701,-30.2701,940.5483,False
2023-03-04,Southampton,Leicester,away,0.5466,1.829,2.6,0.4213,0.05,47.0274,-47.0274,893.5209,False
2023-03-04,Brighton,West Ham,home,0.6167,1.621,1.8,0.1101,0.03442,30.755,24.604,918.1249,True
2023-03-04,Chelsea,Leeds,draw,0.3067,3.261,4.0,0.2266,0.01888,17.3342,-17.3342,900.7907,False
2023-03-04,Chelsea,Leeds,away,0.2261,4.422,5.5,0.2438,0.01354,12.1967,-12.1967,888.594,False
2023-03-04,Aston Villa,Crystal Palace,home,0.5409,1.849,2.05,0.1088,0.02589,23.0057,24.156,912.75,True
2023-03-04,Man City,Newcastle,draw,0.2566,3.897,4.5,0.1548,0.01106,10.095,-10.095,902.655,False
2023-03-05,Nott'm Forest,Everton,home,0.4533,2.206,2.7,0.2238,0.03291,29.7064,-29.7064,872.9486,False
2023-03-11,Leicester,Chelsea,home,0.4566,2.19,3.75,0.7122,0.05,43.6474,-43.6474,829.3012,False
2023-03-11,Tottenham,Nott'm Forest,home,0.7858,1.273,1.44,0.1315,0.05,41.4651,18.2446,847.5458,True
2023-03-11,Everton,Brentford,away,0.5874,1.703,2.7,0.5859,0.05,42.3773,-42.3773,805.1685,False
2023-03-11,Leeds,Brighton,away,0.543,1.842,1.95,0.0588,0.01548,12.464,-12.464,792.7045,False
2023-03-12,Man United,Southampton,home,0.7812,1.28,1.36,0.0624,0.04332,34.34,-34.34,758.3645,False
2023-03-12,Fulham,Arsenal,home,0.3435,2.911,6.0,1.0613,0.05,37.9182,-37.9182,720.4463,False
2023-03-12,West Ham,Aston Villa,away,0.331,3.021,3.4,0.1254,0.01306,9.409,-9.409,711.0373,False
2023-03-15,Southampton,Brentford,away,0.5343,1.872,2.5,0.3357,0.05,35.5519,53.3278,764.3651,True
2023-03-18,Aston Villa,Bournemouth,home,0.6276,1.593,1.7,0.067,0.02391,18.276,12.7932,777.1582,True
2023-03-18,Brentford,Leicester,home,0.6887,1.452,1.91,0.3154,0.05,38.8579,-38.8579,738.3003,False
2023-03-18,Chelsea,Everton,draw,0.2878,3.474,4.2,0.2089,0.01632,12.0491,38.557,776.8573,True
2023-04-01,Man City,Liverpool,home,0.6447,1.551,1.62,0.0445,0.01793,13.9291,8.636,785.4933,True
2023-04-01,Bournemouth,Fulham,away,0.4681,2.136,2.8,0.3106,0.04314,33.8862,-33.8862,751.6072,False
2023-04-01,Brighton,Brentford,away,0.2551,3.919,5.0,0.2757,0.01723,12.9502,-12.9502,738.657,False
2023-04-01,Crystal Palace,Leicester,away,0.3592,2.784,2.9,0.0418,0.0055,4.0626,-4.0626,734.5944,False
2023-04-01,Nott'm Forest,Wolves,home,0.3863,2.589,3.0,0.1588,0.01985,14.5817,-14.5817,720.0127,False
2023-04-01,Chelsea,Aston Villa,draw,0.2748,3.64,3.8,0.0441,0.00394,2.8368,-2.8368,717.1758,False
2023-04-01,Chelsea,Aston Villa,away,0.2767,3.614,5.25,0.4528,0.02663,19.0984,81.1682,798.344,True
2023-04-02,Newcastle,Man United,home,0.5798,1.725,2.4,0.3915,0.05,39.9172,55.8841,854.2281,True
2023-04-03,Everton,Tottenham,away,0.5223,1.915,2.2,0.149,0.03103,26.5067,-26.5067,827.7214,False
2023-04-04,Bournemouth,Brighton,home,0.2435,4.107,6.0,0.461,0.02305,19.079,-19.079,808.6424,False
2023-04-04,Leeds,Nott'm Forest,home,0.6341,1.577,1.7,0.0779,0.02783,22.5045,15.7532,824.3955,True
2023-04-04,Chelsea,Liverpool,away,0.4241,2.358,3.25,0.3784,0.04205,34.6658,-34.6658,789.7297,False
2023-04-05,Man United,Brentford,away,0.3409,2.933,5.0,0.7046,0.04404,34.7797,-34.7797,754.95,False
2023-04-08,Tottenham,Brighton,home,0.4513,2.216,2.55,0.1507,0.02431,18.3528,28.4469,783.3969,True
2023-04-08,Wolves,Chelsea,home,0.3414,2.929,4.2,0.4338,0.03389,26.5493,84.9578,868.3547,True
2023-04-08,Wolves,Chelsea,draw,0.3431,2.914,3.5,0.201,0.0201,17.4539,-17.4539,850.9008,False
2023-04-08,Leicester,Bournemouth,home,0.601,1.664,1.83,0.0998,0.03005,25.5696,-25.5696,825.3312,False
2023-04-08,Brentford,Newcastle,home,0.3032,3.298,3.6,0.0915,0.0088,7.2629,-7.2629,818.0683,False
2023-04-08,Aston Villa,Nott'm Forest,home,0.7346,1.361,1.6,0.1754,0.05,40.9034,24.542,842.6104,True
2023-04-08,Fulham,West Ham,home,0.6038,1.656,2.8,0.6907,0.05,42.1305,-42.1305,800.4799,False
2023-04-09,Liverpool,Arsenal,away,0.4414,2.266,2.38,0.0505,0.00914,7.3164,-7.3164,793.1635,False
2023-04-15,Everton,Fulham,away,0.4288,2.332,3.7,0.5865,0.05,39.6582,107.0771,900.2405,True
2023-04-15,Southampton,Crystal Palace,away,0.4572,2.187,2.7,0.2345,0.03449,31.0493,52.7838,953.0243,True
2023-04-15,Chelsea,Brighton,away,0.4543,2.201,2.63,0.1947,0.02986,28.4573,46.3854,999.4097,True
2023-04-15,Wolves,Brentford,away,0.4676,2.138,3.0,0.4029,0.05,49.9705,-49.9705,949.4393,False
2023-04-16,West Ham,Arsenal,away,0.6944,1.44,1.55,0.0763,0.03467,32.9171,-32.9171,916.5222,False
2023-04-16,Nott'm Forest,Man United,home,0.2163,4.622,5.5,0.1898,0.01055,9.6693,-9.6693,906.8529,False
2023-04-22,Fulham,Leeds,home,0.6429,1.555,2.3,0.4788,0.05,45.3426,58.9454,965.7983,True
2023-04-22,Brentford,Aston Villa,away,0.3791,2.638,2.88,0.0918,0.01221,11.7924,-11.7924,954.0059,False
2023-04-22,Crystal Palace,Everton,home,0.5849,1.71,2.05,0.199,0.04739,45.2103,-45.2103,908.7956,False
2023-04-23,Newcastle,Tottenham,home,0.6279,1.593,1.83,0.1491,0.0449,40.8049,33.8681,942.6637,True
2023-04-23,Bournemouth,West Ham,home,0.4144,2.413,2.88,0.1933,0.02571,24.2359,-24.2359,918.4278,False
2023-04-25,Leeds,Leicester,away,0.4027,2.483,3.0,0.2082,0.02603,23.9067,-23.9067,894.5211,False
2023-04-26,Chelsea,Brentford,draw,0.3151,3.174,4.0,0.2603,0.02169,19.4022,-19.4022,875.119,False
2023-04-26,Chelsea,Brentford,away,0.3661,2.732,4.75,0.7388,0.04926,43.1084,161.6563,1036.7753,True
2023-04-26,West Ham,Liverpool,home,0.2833,3.53,3.9,0.1049,0.00904,9.3724,-9.3724,1027.4029,False
2023-04-27,Tottenham,Man United,home,0.3855,2.594,2.8,0.0793,0.01101,11.3117,-11.3117,1016.0911,False
2023-04-27,Everton,Newcastle,away,0.6866,1.456,1.73,0.1878,0.05,50.8046,37.0873,1053.1785,True
2023-04-29,Brentford,Nott'm Forest,home,0.6715,1.489,1.65,0.108,0.04154,43.749,28.4369,1081.6153,True
2023-04-30,Bournemouth,Leeds,home,0.4736,2.112,2.55,0.2076,0.03348,36.2125,56.1293,1137.7447,True
2023-04-30,Fulham,Man City,draw,0.1918,5.215,6.0,0.1506,0.00753,8.5672,-8.5672,1129.1775,False
2023-04-30,Man United,Aston Villa,away,0.3334,2.999,4.6,0.5338,0.03707,41.8586,-41.8586,1087.3189,False
2023-04-30,Newcastle,Southampton,home,0.8536,1.172,1.3,0.1097,0.05,54.3659,16.3098,1103.6287,True
2023-04-30,Liverpool,Tottenham,home,0.7073,1.414,1.53,0.0821,0.03873,42.7435,22.6541,1126.2827,True
2023-05-01,Leicester,Everton,home,0.5854,1.708,2.0,0.1708,0.04269,48.081,-48.081,1078.2017,False
2023-05-02,Arsenal,Chelsea,home,0.7223,1.384,1.6,0.1557,0.05,53.9101,32.3461,1110.5478,True
2023-05-03,Liverpool,Fulham,draw,0.1908,5.24,5.75,0.0973,0.00512,5.686,-5.686,1104.8618,False
2023-05-06,Tottenham,Crystal Palace,away,0.2676,3.737,4.2,0.124,0.00969,10.7061,-10.7061,1094.1557,False
2023-05-06,Liverpool,Brentford,away,0.222,4.504,6.0,0.3321,0.01661,18.1739,-18.1739,1075.9817,False
2023-05-06,Wolves,Aston Villa,away,0.507,1.973,2.5,0.2674,0.04457,47.9565,-47.9565,1028.0252,False
2023-05-06,Bournemouth,Chelsea,home,0.4266,2.344,3.3,0.4079,0.04434,45.5826,-45.5826,982.4426,False
2023-05-07,West Ham,Man United,home,0.3398,2.943,3.4,0.1554,0.01619,15.9057,38.1738,1020.6164,True
2023-05-07,Newcastle,Arsenal,home,0.5779,1.73,2.45,0.4159,0.05,51.0308,-51.0308,969.5856,False
2023-05-08,Brighton,Everton,home,0.8004,1.249,1.33,0.0646,0.04891,47.4224,-47.4224,922.1631,False
2023-05-08,Fulham,Leicester,home,0.5335,1.874,2.63,0.403,0.05,46.1082,75.1563,997.3194,True
2023-05-13,Man United,Wolves,draw,0.2305,4.339,5.0,0.1524,0.00953,9.5045,-9.5045,987.815,False
2023-05-13,Aston Villa,Tottenham,home,0.5817,1.719,2.25,0.3089,0.05,49.3907,61.7384,1049.5534,True
2023-05-13,Leeds,Newcastle,away,0.7185,1.392,1.7,0.2215,0.05,52.4777,-52.4777,997.0757,False
2023-05-13,Southampton,Fulham,away,0.5227,1.913,2.5,0.3066,0.05,49.8538,74.7807,1071.8564,True
2023-05-13,Chelsea,Nott'm Forest,draw,0.2461,4.063,4.5,0.1076,0.00769,8.2426,28.849,1100.7054,True
2023-05-13,Chelsea,Nott'm Forest,away,0.2478,4.035,6.0,0.4869,0.02435,26.8022,-26.8022,1073.9032,False
2023-05-14,Arsenal,Brighton,home,0.696,1.437,1.73,0.204,0.05,53.6952,-53.6952,1020.2081,False
2023-05-14,Brentford,West Ham,home,0.5421,1.845,2.0,0.0842,0.02104,21.4652,21.4652,1041.6733,True
2023-05-15,Leicester,Liverpool,home,0.2216,4.513,5.25,0.1633,0.00961,10.0105,-10.0105,1031.6628,False
2023-05-18,Newcastle,Brighton,home,0.5679,1.761,2.0,0.1358,0.03396,35.0353,35.0353,1066.6981,True
2023-05-20,Wolves,Everton,home,0.4392,2.277,2.75,0.2078,0.02969,31.6703,-31.6703,1035.0278,False
2023-05-20,Liverpool,Aston Villa,draw,0.2167,4.616,5.0,0.0833,0.0052,5.3821,21.5286,1056.5564,True
2023-05-20,Tottenham,Brentford,away,0.3983,2.51,4.0,0.5933,0.04945,52.2467,156.7401,1213.2965,True
2023-05-20,Nott'm Forest,Arsenal,away,0.6899,1.45,1.57,0.0831,0.03643,44.2004,-44.2004,1169.0961,False
2023-05-20,Fulham,Crystal Palace,home,0.4827,2.072,2.45,0.1827,0.03149,36.8148,-36.8148,1132.2813,False
2023-05-20,Bournemouth,Man United,home,0.2287,4.373,6.0,0.3721,0.0186,21.0604,-21.0604,1111.2208,False
2023-05-20,Bournemouth,Man United,draw,0.2268,4.408,4.75,0.0775,0.00517,5.745,-5.745,1105.4758,False
2023-05-21,West Ham,Leeds,home,0.5762,1.736,2.4,0.3828,0.05,55.2738,77.3833,1182.8591,True
2023-05-22,Newcastle,Leicester,home,0.8065,1.24,1.36,0.0969,0.05,59.143,-59.143,1123.7162,False
2023-05-24,Brighton,Man City,away,0.6225,1.606,1.75,0.0894,0.02981,33.498,-33.498,1090.2182,False
2023-05-25,Man United,Chelsea,draw,0.2799,3.573,4.33,0.2118,0.0159,17.3345,-17.3345,1072.8837,False
2023-05-28,Leeds,Tottenham,away,0.4888,2.046,2.3,0.1242,0.02388,25.6205,33.3066,1106.1903,True
2023-05-28,Everton,Bournemouth,draw,0.2355,4.246,4.5,0.0597,0.00427,4.7234,-4.7234,1101.4669,False
2023-05-28,Leicester,West Ham,away,0.3837,2.606,3.6,0.3814,0.03667,40.3908,-40.3908,1061.0761,False
2023-05-28,Crystal Palace,Nott'm Forest,away,0.2326,4.3,5.0,0.1629,0.01018,10.8018,-10.8018,1050.2744,False
2023-05-28,Man United,Fulham,away,0.2365,4.227,6.0,0.4193,0.02096,22.0138,-22.0138,1028.2606,False
2023-05-28,Chelsea,Newcastle,away,0.5715,1.75,2.38,0.3603,0.05,51.413,-51.413,976.8476,False
2023-05-28,Aston Villa,Brighton,away,0.3081,3.246,3.5,0.0782,0.00782,7.6389,-7.6389,969.2086,False
2023-08-12,Bournemouth,West Ham,away,0.4405,2.27,2.55,0.1233,0.01989,19.2776,-19.2776,949.9311,False
2023-08-12,Everton,Fulham,away,0.4396,2.275,3.3,0.4507,0.04899,46.5371,107.0354,1056.9665,True
2023-08-12,Newcastle,Aston Villa,away,0.2427,4.121,4.6,0.1162,0.00807,8.5297,-8.5297,1048.4367,False
2023-08-13,Brentford,Tottenham,home,0.6148,1.627,2.75,0.6907,0.05,52.4218,-52.4218,996.0149,False
2023-08-13,Chelsea,Liverpool,away,0.5319,1.88,2.38,0.266,0.04818,47.988,-47.988,948.0269,False
2023-08-14,Man United,Wolves,draw,0.1911,5.234,5.5,0.0508,0.00282,2.6734,-2.6734,945.3535,False
2023-08-18,Nott'm Forest,Sheffield United,home,0.7511,1.331,1.95,0.4646,0.05,47.2677,44.9043,990.2578,True
2023-08-19,Fulham,Brentford,home,0.3872,2.583,2.7,0.0454,0.00667,6.605,-6.605,983.6527,False
2023-08-19,Wolves,Brighton,away,0.578,1.73,1.85,0.0693,0.02038,20.0468,17.0398,1000.6925,True
2023-08-19,Man City,Newcastle,away,0.2349,4.257,5.0,0.1747,0.01092,10.9276,-10.9276,989.765,False
2023-08-20,Aston Villa,Everton,home,0.6296,1.588,1.7,0.0702,0.02509,24.8332,17.3832,1007.1482,True
2023-08-20,West Ham,Chelsea,home,0.4623,2.163,3.75,0.7335,0.05,50.3574,138.4829,1145.6311,True
2023-08-21,Crystal Palace,Arsenal,home,0.2802,3.568,5.5,0.5413,0.03007,34.4491,-34.4491,1111.182,False
2023-08-25,Chelsea,Luton,draw,0.1937,5.164,5.5,0.0652,0.00362,4.0225,-4.0225,1107.1595,False
2023-08-26,Brighton,West Ham,away,0.2039,4.903,5.25,0.0707,0.00416,4.6058,19.5746,1126.7341,True
2023-08-26,Man United,Nott'm Forest,draw,0.2032,4.922,6.0,0.2191,0.01095,12.3377,-12.3377,1114.3963,False
2023-08-26,Bournemouth,Tottenham,away,0.5738,1.743,1.91,0.096,0.02636,29.3755,26.7317,1141.128,True
2023-08-26,Brentford,Crystal Palace,home,0.584,1.712,2.15,0.2556,0.05,57.0564,-57.0564,1084.0716,False
2023-08-27,Burnley,Aston Villa,away,0.8955,1.117,2.15,0.9252,0.05,54.2036,62.3341,1146.4058,True
2023-08-27,Newcastle,Liverpool,home,0.5753,1.738,2.2,0.2656,0.05,57.3203,-57.3203,1089.0855,False
2023-09-01,Luton,West Ham,away,0.8582,1.165,1.73,0.4847,0.05,54.4543,39.7516,1128.8371,True
2023-09-02,Brighton,Newcastle,away,0.5081,1.968,2.55,0.2958,0.0477,53.8455,-53.8455,1074.9916,False
2023-09-02,Burnley,Tottenham,away,0.8176,1.223,1.85,0.5126,0.05,53.7496,45.6871,1120.6787,True
2023-09-02,Sheffield United,Everton,home,0.4677,2.138,2.9,0.3562,0.04687,52.5262,-52.5262,1068.1525,False
2023-09-02,Brentford,Bournemouth,home,0.7362,1.358,1.73,0.2736,0.05,53.4076,-53.4076,1014.7449,False
2023-09-03,Crystal Palace,Wolves,home,0.5548,1.803,1.91,0.0596,0.01637,16.6114,15.1163,1029.8612,True
2023-09-03,Liverpool,Aston Villa,away,0.2649,3.775,4.5,0.1921,0.01372,14.1297,-14.1297,1015.7315,False
2023-09-03,Arsenal,Man United,away,0.2529,3.954,4.5,0.1381,0.00986,10.0151,-10.0151,1005.7164,False
2023-09-16,Aston Villa,Crystal Palace,away,0.2644,3.782,4.0,0.0577,0.00481,4.8375,-4.8375,1000.8789,False
2023-09-16,Fulham,Luton,home,0.8469,1.181,1.67,0.4143,0.05,50.0439,33.5294,1034.4084,True
2023-09-16,Man United,Brighton,away,0.3671,2.724,2.88,0.0572,0.0076,7.8615,14.7796,1049.188,True
2023-09-16,Newcastle,Brentford,away,0.2666,3.751,6.0,0.5995,0.02998,31.4547,-31.4547,1017.7333,False
2023-09-17,Bournemouth,Chelsea,home,0.3598,2.779,4.33,0.5579,0.04189,42.6328,-42.6328,975.1005,False
2023-09-17,Everton,Arsenal,away,0.7236,1.382,1.5,0.0853,0.04267,41.6075,20.8038,995.9042,True
2023-09-18,Nott'm Forest,Burnley,home,0.7826,1.278,2.2,0.7216,0.05,49.7952,-49.7952,946.109,False
2023-09-23,Luton,Wolves,away,0.5568,1.796,2.2,0.2249,0.04685,44.3252,-44.3252,901.7838,False
2023-09-23,Brentford,Everton,home,0.7186,1.392,1.8,0.2935,0.05,45.0892,-45.0892,856.6946,False
2023-09-23,Crystal Palace,Fulham,away,0.3086,3.241,4.2,0.296,0.02312,19.8068,-19.8068,836.8879,False
2023-09-23,Burnley,Man United,away,0.6372,1.569,1.73,0.1024,0.03505,29.3329,21.413,858.3009,True
2023-09-24,Arsenal,Tottenham,home,0.6381,1.567,1.67,0.0656,0.02448,21.0112,-21.0112,837.2897,False
2023-09-24,Brighton,Bournemouth,home,0.7657,1.306,1.36,0.0413,0.0287,24.0302,8.6509,845.9406,True
2023-09-24,Chelsea,Aston Villa,away,0.4827,2.072,3.8,0.8342,0.05,42.297,118.4317,964.3722,True
2023-09-30,Wolves,Man City,away,0.8223,1.216,1.33,0.0936,0.05,48.2186,-48.2186,916.1536,False
2023-09-30,Tottenham,Liverpool,away,0.5475,1.826,2.15,0.1772,0.03851,35.2811,-35.2811,880.8725,False
2023-09-30,West Ham,Sheffield United,home,0.8384,1.193,1.45,0.2157,0.05,44.0436,19.8196,900.6922,True
2023-09-30,Newcastle,Burnley,home,0.9376,1.067,1.3,0.2188,0.05,45.0346,13.5104,914.2026,True
2023-09-30,Aston Villa,Brighton,home,0.4459,2.243,2.55,0.137,0.02209,20.1947,31.3018,945.5044,True
2023-09-30,Man United,Crystal Palace,draw,0.2633,3.797,4.2,0.1061,0.00829,7.8382,-7.8382,937.6662,False
2023-09-30,Man United,Crystal Palace,away,0.2698,3.706,5.75,0.5515,0.02903,27.2204,129.2971,1066.9633,True
2023-10-01,Nott'm Forest,Brentford,away,0.496,2.016,2.7,0.3392,0.04989,53.2308,-53.2308,1013.7325,False
2023-10-02,Fulham,Chelsea,home,0.439,2.278,3.6,0.5806,0.05,50.6866,-50.6866,963.0459,False
2023-10-03,Luton,Burnley,home,0.4466,2.239,2.9,0.2952,0.03884,37.4047,-37.4047,925.6412,False
2023-10-07,Man United,Brentford,away,0.3788,2.64,4.75,0.7992,0.05,46.2821,-46.2821,879.3591,False
2023-10-07,Fulham,Sheffield United,home,0.7211,1.387,1.62,0.1682,0.05,43.968,27.2601,906.6192,True
2023-10-07,Everton,Bournemouth,away,0.3024,3.307,3.8,0.1491,0.01332,12.0762,-12.0762,894.5431,False
2023-10-07,Burnley,Chelsea,home,0.2642,3.784,4.5,0.1891,0.01351,12.0853,-12.0853,882.4578,False
2023-10-07,Luton,Tottenham,away,0.7568,1.321,1.45,0.0973,0.05,44.1229,19.8553,902.3131,True
2023-10-08,West Ham,Newcastle,away,0.6168,1.621,2.1,0.2953,0.05,45.1157,-45.1157,857.1974,False
2023-10-08,Brighton,Liverpool,away,0.517,1.934,2.2,0.1373,0.02861,24.5244,-24.5244,832.673,False
2023-10-08,Arsenal,Man City,away,0.4516,2.214,2.4,0.0838,0.01497,12.4651,-12.4651,820.2079,False
2023-10-08,Wolves,Aston Villa,away,0.6633,1.508,2.1,0.393,0.05,41.0104,-41.0104,779.1975,False
2023-10-21,Chelsea,Arsenal,away,0.5462,1.831,2.25,0.229,0.0458,35.6872,-35.6872,743.5103,False
2023-10-21,Brentford,Burnley,home,0.7677,1.303,1.83,0.4048,0.05,37.1755,30.8557,774.3659,True
2023-10-21,Bournemouth,Wolves,away,0.459,2.179,3.0,0.3769,0.04711,36.4804,72.9608,847.3267,True
2023-10-21,Liverpool,Everton,home,0.7877,1.269,1.33,0.0477,0.03612,30.6054,10.0998,857.4265,True
2023-10-22,Aston Villa,West Ham,home,0.6512,1.536,1.85,0.2047,0.05,42.8713,36.4406,893.8671,True
2023-10-23,Tottenham,Fulham,away,0.1963,5.094,6.0,0.1778,0.00889,7.9465,-7.9465,885.9206,False
2023-10-27,Crystal Palace,Tottenham,home,0.2884,3.467,4.5,0.298,0.02128,18.8524,-18.8524,867.0683,False
2023-10-28,Chelsea,Brentford,away,0.3743,2.671,5.25,0.9652,0.05,43.3534,184.252,1051.3203,True
2023-10-28,Bournemouth,Burnley,home,0.4898,2.042,2.15,0.0531,0.01154,12.1322,13.9521,1065.2723,True
2023-10-28,Wolves,Newcastle,away,0.6924,1.444,1.75,0.2117,0.05,53.2636,-53.2636,1012.0087,False
2023-10-29,West Ham,Everton,home,0.5807,1.722,2.15,0.2486,0.05,50.6004,-50.6004,961.4083,False
2023-10-29,Brighton,Fulham,home,0.7029,1.423,1.55,0.0894,0.04064,39.0716,-39.0716,922.3366,False
2023-11-04,Everton,Brighton,away,0.5522,1.811,2.2,0.2148,0.04476,41.2838,-41.2838,881.0529,False
2023-11-04,Fulham,Man United,home,0.381,2.625,3.2,0.2191,0.0249,21.9382,-21.9382,859.1146,False
2023-11-04,Burnley,Crystal Palace,away,0.5307,1.884,2.6,0.3797,0.05,42.9557,68.7292,927.8438,True
2023-11-04,Sheffield United,Wolves,away,0.7001,1.428,2.0,0.4003,0.05,46.3922,-46.3922,881.4516,False
2023-11-04,Newcastle,Arsenal,home,0.4979,2.009,2.8,0.394,0.05,44.0726,79.3306,960.7823,True
2023-11-04,Brentford,West Ham,home,0.598,1.672,2.05,0.2259,0.05,48.0391,50.4411,1011.2233,True
2023-11-05,Nott'm Forest,Aston Villa,away,0.6456,1.549,1.85,0.1944,0.05,50.5612,-50.5612,960.6622,False
2023-11-06,Tottenham,Chelsea,home,0.5959,1.678,2.0,0.1917,0.04793,46.0445,-46.0445,914.6176,False
2023-11-11,Man United,Luton,draw,0.2021,4.947,5.25,0.0613,0.0036,3.2926,-3.2926,911.325,False
2023-11-11,Wolves,Tottenham,away,0.4927,2.03,2.2,0.0839,0.01747,15.9208,-15.9208,895.4042,False
2023-11-11,Bournemouth,Newcastle,away,0.8177,1.223,1.73,0.4146,0.05,44.7702,-44.7702,850.634,False
2023-11-11,Crystal Palace,Everton,home,0.432,2.315,2.45,0.0585,0.01008,8.5744,-8.5744,842.0596,False
2023-11-12,Aston Villa,Fulham,home,0.6944,1.44,1.57,0.0903,0.03958,33.3287,18.9974,861.0569,True
2023-11-12,West Ham,Nott'm Forest,away,0.2904,3.443,4.0,0.1618,0.01348,11.607,-11.607,849.4499,False
2023-11-25,Nott'm Forest,Brighton,home,0.3516,2.844,3.2,0.1252,0.01423,12.0877,-12.0877,837.3622,False
2023-11-25,Sheffield United,Bournemouth,home,0.3761,2.659,3.2,0.2037,0.02314,19.3766,-19.3766,817.9857,False
2023-11-25,Brentford,Arsenal,home,0.3172,3.153,4.5,0.4274,0.03053,24.9731,-24.9731,793.0126,False
2023-11-25,Luton,Crystal Palace,home,0.3221,3.105,3.6,0.1595,0.01533,12.1569,31.6079,824.6204,True
2023-11-25,Newcastle,Chelsea,home,0.6198,1.613,2.55,0.5806,0.05,41.231,63.9081,888.5285,True
2023-11-25,Man City,Liverpool,away,0.2958,3.381,4.2,0.2424,0.01894,16.8287,-16.8287,871.6998,False
2023-11-25,Burnley,West Ham,away,0.6654,1.503,2.05,0.3641,0.05,43.585,45.7642,917.464,True
2023-11-26,Tottenham,Aston Villa,away,0.4611,2.169,2.8,0.2912,0.04045,37.1114,66.8006,984.2646,True
2023-11-26,Everton,Man United,home,0.3916,2.554,2.7,0.0572,0.00841,8.2777,-8.2777,975.9869,False
2023-11-27,Fulham,Wolves,away,0.3478,2.875,3.0,0.0435,0.00544,5.3094,-5.3094,970.6776,False
2023-12-02,Nott'm Forest,Everton,home,0.4833,2.069,2.75,0.3292,0.04703,45.651,-45.651,925.0266,False
2023-12-02,Burnley,Sheffield United,away,0.3268,3.06,4.5,0.4707,0.03362,31.0994,-31.0994,893.9272,False
2023-12-02,Newcastle,Man United,home,0.6319,1.582,1.91,0.207,0.05,44.6964,40.6737,934.6009,True
2023-12-03,Chelsea,Brighton,away,0.3476,2.877,4.2,0.4599,0.03593,33.5802,-33.5802,901.0207,False
2023-12-03,West Ham,Crystal Palace,home,0.5502,1.818,2.0,0.1003,0.02508,22.5976,-22.5976,878.4231,False
2023-12-03,Bournemouth,Aston Villa,away,0.6893,1.451,1.95,0.3441,0.05,43.9212,-43.9212,834.5019,False
2023-12-05,Wolves,Burnley,home,0.6273,1.594,1.85,0.1606,0.04723,39.4135,33.5015,868.0034,True
2023-12-06,Aston Villa,Man City,home,0.3668,2.726,4.75,0.7423,0.04949,42.9575,161.0906,1029.094,True
2023-12-06,Man United,Chelsea,home,0.4519,2.213,2.88,0.3014,0.04008,41.2461,77.5426,1106.6367,True
2023-12-06,Fulham,Nott'm Forest,away,0.2931,3.411,3.75,0.0992,0.00902,9.9819,-9.9819,1096.6548,False
2023-12-06,Brighton,Brentford,away,0.3587,2.788,3.75,0.3452,0.03138,34.413,-34.413,1062.2418,False
2023-12-06,Crystal Palace,Bournemouth,home,0.5177,1.932,2.25,0.1648,0.03296,35.0115,-35.0115,1027.2303,False
2023-12-07,Everton,Newcastle,away,0.6363,1.572,2.25,0.4316,0.05,51.3615,-51.3615,975.8688,False
2023-12-07,Tottenham,West Ham,home,0.6152,1.625,1.75,0.0766,0.02554,24.9237,-24.9237,950.9451,False
2023-12-09,Aston Villa,Arsenal,home,0.4619,2.165,3.3,0.5243,0.05,47.5473,109.3587,1060.3038,True
2023-12-09,Sheffield United,Brentford,away,0.7634,1.31,1.75,0.336,0.05,53.0152,-53.0152,1007.2886,False
2023-12-09,Wolves,Nott'm Forest,away,0.2478,4.036,4.33,0.0729,0.00547,5.5099,-5.5099,1001.7787,False
2023-12-09,Man United,Bournemouth,away,0.1814,5.514,5.75,0.0429,0.00226,2.264,10.7541,1012.5328,True
2023-12-09,Brighton,Burnley,home,0.7995,1.251,1.5,0.1993,0.05,50.6266,-50.6266,961.9062,False
2023-12-10,Fulham,West Ham,home,0.4904,2.039,2.38,0.1672,0.03029,29.1361,40.2079,1002.114,True
2023-12-10,Everton,Chelsea,home,0.4079,2.452,3.1,0.2645,0.03148,31.5465,66.2478,1068.3618,True
2023-12-10,Tottenham,Newcastle,away,0.4693,2.131,3.1,0.4549,0.05,53.4181,-53.4181,1014.9437,False
2023-12-15,Nott'm Forest,Tottenham,home,0.2718,3.679,4.2,0.1416,0.01107,11.2354,-11.2354,1003.7083,False
2023-12-16,Burnley,Everton,home,0.2944,3.397,3.6,0.0597,0.00574,5.7613,-5.7613,997.947,False
2023-12-17,West Ham,Wolves,home,0.5082,1.968,2.15,0.0925,0.02012,20.0787,23.0905,1021.0375,True
2023-12-21,Crystal Palace,Brighton,home,0.3604,2.774,3.3,0.1895,0.02059,21.0232,-21.0232,1000.0143,False
2023-12-23,Fulham,Burnley,home,0.7449,1.342,1.67,0.244,0.05,50.0007,-50.0007,950.0136,False
2023-12-23,Luton,Newcastle,away,0.6365,1.571,1.65,0.0503,0.01934,18.3733,-18.3733,931.6403,False
2023-12-23,West Ham,Man United,home,0.4183,2.391,2.6,0.0876,0.01369,12.7542,20.4066,952.047,True
2023-12-23,Liverpool,Arsenal,home,0.4921,2.032,2.38,0.1712,0.03101,29.523,-29.523,922.524,False
2023-12-24,Wolves,Chelsea,home,0.3633,2.753,3.75,0.3623,0.03293,30.3787,83.5415,1006.0655,True
2023-12-26,Man United,Aston Villa,away,0.4543,2.201,2.6,0.1812,0.02831,28.4817,-28.4817,977.5838,False
2023-12-26,Newcastle,Nott'm Forest,home,0.7836,1.276,1.5,0.1754,0.05,48.8792,-48.8792,928.7046,False
2023-12-26,Bournemouth,Fulham,away,0.36,2.777,3.2,0.1521,0.01729,16.0573,-16.0573,912.6473,False
2023-12-26,Sheffield United,Luton,away,0.5345,1.871,3.1,0.6569,0.05,45.6324,95.828,1008.4752,True
2023-12-27,Brentford,Wolves,home,0.573,1.745,1.95,0.1174,0.0309,31.1619,-31.1619,977.3134,False
2023-12-27,Chelsea,Crystal Palace,away,0.2538,3.94,5.0,0.2692,0.01682,16.4384,-16.4384,960.8749,False
2023-12-27,Everton,Man City,home,0.2652,3.77,5.75,0.525,0.02763,26.549,-26.549,934.326,False
2023-12-28,Brighton,Tottenham,home,0.4215,2.372,2.5,0.0538,0.00897,8.3809,12.5714,946.8973,True
2023-12-30,Wolves,Everton,home,0.4199,2.381,2.63,0.1044,0.01602,15.1693,24.726,971.6233,True
2023-12-30,Nott'm Forest,Man United,home,0.3358,2.978,3.2,0.0747,0.00849,8.2491,18.148,989.7713,True
2023-12-30,Aston Villa,Burnley,home,0.7797,1.282,1.36,0.0604,0.04197,41.5407,14.9547,1004.7259,True
2023-12-30,Crystal Palace,Brentford,away,0.3601,2.777,3.4,0.2244,0.02338,23.4905,-23.4905,981.2354,False
2023-12-31,Fulham,Arsenal,home,0.248,4.032,5.25,0.3021,0.01777,17.4366,74.1054,1055.3408,True
2023-12-31,Tottenham,Bournemouth,home,0.603,1.658,1.75,0.0552,0.0184,19.4183,14.5637,1069.9045,True
2024-01-02,West Ham,Brighton,home,0.4888,2.046,2.45,0.1976,0.03406,36.4409,-36.4409,1033.4635,False
2024-01-12,Burnley,Luton,away,0.3514,2.846,3.6,0.2651,0.02549,26.343,-26.343,1007.1205,False
2024-01-13,Chelsea,Fulham,away,0.2761,3.622,5.25,0.4494,0.02644,26.6283,-26.6283,980.4923,False
2024-01-13,Newcastle,Man City,home,0.3242,3.085,5.5,0.7829,0.0435,42.6514,-42.6514,937.8409,False
2024-01-14,Everton,Aston Villa,away,0.4705,2.125,2.45,0.1528,0.02635,24.7121,-24.7121,913.1287,False
2024-01-14,Man United,Tottenham,away,0.3919,2.552,3.0,0.1758,0.02197,20.0614,-20.0614,893.0673,False
2024-01-20,Arsenal,Crystal Palace,draw,0.1994,5.015,5.75,0.1464,0.00771,6.8855,-6.8855,886.1818,False
2024-01-21,Sheffield United,West Ham,away,0.6442,1.552,2.2,0.4171,0.05,44.3091,-44.3091,841.8727,False
2024-01-22,Brighton,Wolves,away,0.2528,3.955,5.0,0.2642,0.01651,13.8993,-13.8993,827.9734,False
2024-01-30,Fulham,Everton,home,0.4476,2.234,2.45,0.0965,0.01664,13.7775,-13.7775,814.1959,False
2024-01-30,Luton,Brighton,home,0.3159,3.165,4.2,0.3269,0.02554,20.7946,66.5426,880.7385,True
2024-01-30,Aston Villa,Newcastle,home,0.567,1.764,1.85,0.0489,0.01439,12.6738,-12.6738,868.0647,False
2024-01-31,Liverpool,Chelsea,home,0.7556,1.323,1.57,0.1862,0.05,43.4032,24.7398,892.8045,True
2024-01-31,Tottenham,Brentford,home,0.6448,1.551,1.67,0.0769,0.02869,25.6146,17.1618,909.9663,True
2024-02-01,Wolves,Man United,home,0.4537,2.204,2.63,0.1931,0.02962,26.9532,-26.9532,883.0131,False
2024-02-01,West Ham,Bournemouth,home,0.5568,1.796,2.4,0.3364,0.05,44.1507,-44.1507,838.8624,False
2024-02-03,Brighton,Crystal Palace,away,0.2226,4.492,4.75,0.0575,0.00383,3.2128,-3.2128,835.6496,False
2024-02-03,Everton,Tottenham,home,0.3562,2.807,3.0,0.0687,0.00858,7.1699,-7.1699,828.4797,False
2024-02-03,Sheffield United,Aston Villa,away,0.6873,1.455,1.62,0.1134,0.04572,37.8781,23.4844,851.9641,True
2024-02-04,Man United,West Ham,draw,0.2575,3.883,4.2,0.0816,0.00638,5.4355,-5.4355,846.5286,False
2024-02-04,Man United,West Ham,away,0.2974,3.363,5.0,0.487,0.03044,25.7683,-25.7683,820.7602,False
2024-02-04,Arsenal,Liverpool,away,0.3843,2.602,3.1,0.1915,0.02279,18.7051,-18.7051,802.0551,False
2024-02-04,Bournemouth,Nott'm Forest,away,0.252,3.968,4.5,0.1342,0.00959,7.6917,-7.6917,794.3634,False
2024-02-04,Chelsea,Wolves,away,0.2915,3.43,5.5,0.6035,0.03353,26.635,119.8575,914.2209,True
2024-02-10,Wolves,Brentford,home,0.5508,1.815,2.1,0.1567,0.03562,32.5645,-32.5645,881.6564,False
2024-02-10,Fulham,Bournemouth,home,0.4775,2.094,2.38,0.1365,0.02473,21.8034,30.0886,911.745,True
2024-02-10,Luton,Sheffield United,home,0.7872,1.27,1.75,0.3776,0.05,45.5873,-45.5873,866.1578,False
2024-02-10,Nott'm Forest,Newcastle,away,0.5166,1.936,2.05,0.059,0.01405,12.1695,12.778,878.9358,True
2024-02-11,Aston Villa,Man United,home,0.5582,1.791,2.15,0.2002,0.04352,38.2513,-38.2513,840.6845,False
2024-02-11,West Ham,Arsenal,home,0.2113,4.734,6.0,0.2675,0.01338,11.2484,-11.2484,829.4361,False
2024-02-12,Crystal Palace,Chelsea,home,0.3581,2.792,4.2,0.5041,0.03938,32.6632,-32.6632,796.7729,False
2024-02-17,Tottenham,Wolves,away,0.2317,4.316,5.25,0.2165,0.01274,10.1509,43.1413,839.9142,True
2024-02-17,Fulham,Aston Villa,away,0.4791,2.087,2.2,0.0541,0.01127,9.4658,11.359,851.2732,True
2024-02-17,Newcastle,Bournemouth,home,0.6643,1.505,1.83,0.2156,0.05,42.5637,-42.5637,808.7095,False
2024-02-18,Luton,Man United,home,0.3006,3.327,4.0,0.2024,0.01687,13.6429,-13.6429,795.0666,False
2024-02-19,Everton,Crystal Palace,away,0.2356,4.244,5.25,0.2371,0.01395,11.0912,-11.0912,783.9754,False
2024-02-24,Man United,Fulham,draw,0.2553,3.918,4.33,0.1053,0.0079,6.1934,-6.1934,777.782,False
2024-02-24,Man United,Fulham,away,0.2442,4.094,5.5,0.3434,0.01908,14.8401,66.7804,844.5624,True
2024-02-24,Crystal Palace,Burnley,away,0.2782,3.595,4.0,0.1127,0.00939,7.9304,-7.9304,836.6319,False
2024-02-24,Bournemouth,Man City,draw,0.1983,5.043,5.25,0.041,0.00241,2.0163,-2.0163,834.6157,False
2024-02-25,Wolves,Sheffield United,home,0.7672,1.303,1.44,0.1047,0.05,41.7308,18.3615,852.9772,True
2024-02-26,West Ham,Brentford,away,0.3852,2.596,2.75,0.0592,0.00846,7.2162,-7.2162,845.761,False
2024-03-02,Nott'm Forest,Liverpool,away,0.7093,1.41,1.53,0.0852,0.0402,33.9996,18.0198,863.7808,True
2024-03-02,Brentford,Chelsea,home,0.3671,2.724,3.1,0.138,0.01642,14.1833,-14.1833,849.5975,False
2024-03-03,Burnley,Bournemouth,home,0.2782,3.594,3.75,0.0434,0.00394,3.3474,-3.3474,846.2501,False
2024-03-03,Man City,Man United,draw,0.2273,4.399,5.75,0.307,0.01616,13.6754,-13.6754,832.5747,False
2024-03-09,Crystal Palace,Luton,away,0.3622,2.761,4.2,0.5212,0.04072,33.9024,-33.9024,798.6723,False
2024-03-09,Wolves,Fulham,away,0.3838,2.606,2.75,0.0554,0.00791,6.3175,-6.3175,792.3548,False
2024-03-10,Aston Villa,Tottenham,home,0.5433,1.84,2.38,0.2932,0.05,39.6177,-39.6177,752.737,False
2024-03-10,Brighton,Nott'm Forest,away,0.2601,3.845,4.0,0.0404,0.00337,2.5367,-2.5367,750.2003,False
2024-03-10,West Ham,Burnley,home,0.6442,1.552,1.67,0.0759,0.02831,21.2382,-21.2382,728.9621,False
2024-03-10,Liverpool,Man City,home,0.4511,2.217,3.0,0.3533,0.04417,32.1983,-32.1983,696.7639,False
2024-03-11,Chelsea,Newcastle,away,0.4456,2.244,3.6,0.604,0.05,34.8382,-34.8382,661.9257,False
2024-03-13,Bournemouth,Luton,draw,0.2257,4.431,4.75,0.072,0.0048,3.1772,-3.1772,658.7484,False
2024-03-13,Bournemouth,Luton,away,0.3149,3.175,5.75,0.8109,0.04268,28.1154,-28.1154,630.6331,False
2024-03-16,Luton,Nott'm Forest,home,0.4261,2.347,2.8,0.193,0.02681,16.9073,-16.9073,613.7258,False
2024-03-16,Burnley,Brentford,away,0.5172,1.934,2.15,0.1119,0.02432,14.9258,-14.9258,598.8,False
2024-03-16,Fulham,Tottenham,home,0.3361,2.975,3.5,0.1763,0.01763,10.5568,26.3921,625.1921,True
2024-03-17,West Ham,Aston Villa,away,0.4966,2.014,2.45,0.2166,0.03734,23.3447,-23.3447,601.8474,False
2024-03-30,Sheffield United,Fulham,away,0.708,1.412,1.73,0.2249,0.05,30.0924,-30.0924,571.755,False
2024-03-30,Aston Villa,Wolves,away,0.2339,4.275,5.0,0.1697,0.01061,6.0663,-6.0663,565.6887,False
2024-03-30,Newcastle,West Ham,home,0.6213,1.609,1.83,0.137,0.04127,23.346,19.3772,585.0659,True
2024-03-30,Chelsea,Burnley,draw,0.1838,5.442,6.0,0.1026,0.00513,3.0014,15.0069,600.0728,True
2024-03-31,Man City,Arsenal,draw,0.2767,3.614,3.8,0.0516,0.0046,2.7603,7.7289,607.8017,True
2024-03-31,Man City,Arsenal,away,0.3953,2.53,3.8,0.5021,0.04483,27.2478,-27.2478,580.554,False
2024-04-02,Newcastle,Everton,home,0.6161,1.623,2.0,0.2322,0.05,29.0277,-29.0277,551.5263,False
2024-04-02,Nott'm Forest,Fulham,away,0.4321,2.314,2.63,0.1363,0.02091,11.5324,-11.5324,539.9939,False
2024-04-02,Burnley,Wolves,away,0.4574,2.186,2.75,0.2578,0.03683,19.888,-19.888,520.1059,False
2024-04-03,Brentford,Brighton,away,0.4072,2.456,2.75,0.1199,0.01713,8.9094,-8.9094,511.1965,False
2024-04-03,Man City,Aston Villa,draw,0.2444,4.092,6.0,0.4664,0.02332,11.9211,-11.9211,499.2754,False
2024-04-04,Chelsea,Man United,draw,0.2646,3.78,4.0,0.0583,0.00486,2.4265,-2.4265,496.8489,False
2024-04-04,Chelsea,Man United,away,0.3626,2.758,3.4,0.2329,0.02426,12.0536,-12.0536,484.7954,False
2024-04-06,Brighton,Arsenal,away,0.6433,1.555,1.62,0.0421,0.01698,8.2318,5.1037,489.8991,True
2024-04-06,Luton,Bournemouth,home,0.3813,2.622,3.75,0.43,0.03909,19.1502,52.6629,542.562,True
2024-04-06,Everton,Burnley,draw,0.3031,3.299,4.0,0.2124,0.0177,9.6033,-9.6033,532.9587,False
2024-04-06,Everton,Burnley,away,0.222,4.504,5.25,0.1655,0.00974,5.191,-5.191,527.7677,False
2024-04-06,Fulham,Newcastle,away,0.3873,2.582,2.8,0.0846,0.01175,6.2013,11.1623,538.9299,True
2024-04-06,Crystal Palace,Man City,draw,0.2054,4.868,5.25,0.0785,0.00462,2.4899,-2.4899,536.4401,False
2024-04-06,Wolves,West Ham,home,0.4316,2.317,2.5,0.079,0.01317,7.0649,-7.0649,529.3752,False
2024-04-07,Man United,Liverpool,draw,0.2403,4.162,4.5,0.0812,0.0058,3.0704,10.7463,540.1215,True
2024-04-07,Tottenham,Nott'm Forest,draw,0.2177,4.593,5.5,0.1974,0.01097,5.9251,-5.9251,534.1963,False
2024-04-13,Nott'm Forest,Wolves,away,0.3197,3.128,3.5,0.119,0.0119,6.3569,-6.3569,527.8394,False
2024-04-13,Bournemouth,Man United,away,0.4093,2.443,2.6,0.0641,0.01002,5.289,-5.289,522.5505,False
2024-04-13,Newcastle,Tottenham,home,0.457,2.188,2.7,0.234,0.03441,17.981,30.5676,553.1181,True
2024-04-15,Chelsea,Everton,draw,0.2554,3.915,4.2,0.0729,0.00569,3.1472,-3.1472,549.9709,False
2024-04-15,Chelsea,Everton,away,0.244,4.098,4.5,0.098,0.007,3.8498,-3.8498,546.1211,False
2024-04-20,Luton,Brentford,home,0.3963,2.524,3.1,0.2284,0.02719,14.849,-14.849,531.272,False
2024-04-21,Everton,Nott'm Forest,draw,0.2976,3.36,3.5,0.0415,0.00415,2.2048,-2.2048,529.0672,False
2024-04-21,Everton,Nott'm Forest,away,0.3751,2.666,3.6,0.3503,0.03369,17.8243,-17.8243,511.243,False
2024-04-21,Aston Villa,Bournemouth,home,0.6075,1.646,1.85,0.1238,0.03642,18.6195,15.8265,527.0695,True
2024-04-21,Crystal Palace,West Ham,away,0.3643,2.745,3.4,0.2385,0.02484,13.0924,-13.0924,513.9771,False
2024-04-21,Fulham,Liverpool,home,0.2263,4.419,5.25,0.1881,0.01107,5.6897,-5.6897,508.2874,False
2024-04-21,Fulham,Liverpool,draw,0.2477,4.037,4.5,0.1146,0.00819,4.1629,-4.1629,504.1245,False
2024-04-23,Arsenal,Chelsea,home,0.7736,1.293,1.44,0.114,0.05,25.2062,11.0907,515.2153,True
2024-04-24,Wolves,Bournemouth,home,0.4266,2.344,2.7,0.1519,0.02233,11.5048,-11.5048,503.7105,False
2024-04-24,Crystal Palace,Newcastle,away,0.4979,2.009,2.4,0.1949,0.03481,17.5342,-17.5342,486.1763,False
2024-04-24,Everton,Liverpool,draw,0.2293,4.361,5.0,0.1466,0.00916,4.4534,-4.4534,481.723,False
2024-04-25,Brighton,Man City,draw,0.2214,4.516,5.0,0.1072,0.0067,3.2275,-3.2275,478.4954,False
2024-04-27,Aston Villa,Chelsea,home,0.5632,1.775,2.15,0.2109,0.04585,21.939,-21.939,456.5564,False
2024-04-27,Everton,Brentford,away,0.3591,2.785,3.0,0.0772,0.00966,4.4103,-4.4103,452.1461,False
2024-04-28,Tottenham,Arsenal,away,0.6797,1.471,1.75,0.1894,0.05,22.6073,16.9555,469.1015,True
2024-04-28,Nott'm Forest,Man City,draw,0.1747,5.725,6.0,0.0481,0.0024,1.1258,-1.1258,467.9757,False
2024-05-04,Sheffield United,Nott'm Forest,home,0.2589,3.862,4.75,0.23,0.01533,7.1741,-7.1741,460.8016,False
2024-05-04,Burnley,Newcastle,away,0.5628,1.777,1.95,0.0974,0.02564,11.815,11.2242,472.0258,True
2024-05-05,Brighton,Aston Villa,away,0.5015,1.994,2.45,0.2287,0.03943,18.612,-18.612,453.4139,False
2024-05-05,Chelsea,West Ham,home,0.6423,1.557,1.65,0.0599,0.02303,10.4421,6.7874,460.2012,True
2024-05-05,Liverpool,Tottenham,draw,0.1953,5.12,5.75,0.1231,0.00648,2.9821,-2.9821,457.2191,False
2024-05-11,West Ham,Luton,away,0.2815,3.552,3.8,0.0698,0.00623,2.8485,-2.8485,454.3707,False
2024-05-11,Everton,Sheffield United,draw,0.2183,4.58,4.8,0.048,0.00316,1.4358,-1.4358,452.9348,False
2024-05-11,Bournemouth,Brentford,draw,0.2608,3.835,4.0,0.043,0.00359,1.626,-1.626,451.3088,False
2024-05-11,Bournemouth,Brentford,away,0.2988,3.346,3.5,0.0459,0.00459,2.0715,5.1788,456.4876,True
2024-05-13,Aston Villa,Liverpool,home,0.3321,3.012,4.2,0.3946,0.03083,14.0735,-14.0735,442.4141,False
2024-05-19,Crystal Palace,Aston Villa,away,0.3544,2.822,3.6,0.2758,0.02652,11.7328,-11.7328,430.6812,False
2024-05-19,Burnley,Nott'm Forest,home,0.376,2.659,3.0,0.1281,0.01601,6.8952,-6.8952,423.786,False
2024-05-19,Chelsea,Bournemouth,away,0.1842,5.427,6.0,0.1055,0.00527,2.2334,-2.2334,421.5527,False
2024-05-19,Brighton,Man United,draw,0.2744,3.644,4.0,0.0976,0.00813,3.4272,-3.4272,418.1255,False
2024-05-19,Brighton,Man United,away,0.3623,2.76,2.9,0.0508,0.00668,2.7931,5.3068,423.4323,True
